,DateTime,Deviation,DirectionNum,DirectionText,Lat,Lon,RouteID,TripEndTime,TripHeadsign,TripID,TripStartTime,VehicleID
0,2015-02-20T20:56:37,0.0,14.0,EAST,38.937263,-76.874878,B25,2015-02-20T15:57:00,BOWIE P+R,6945179.0,2015-02-20T15:05:00,7029.0
1,2015-02-20T21:26:06,0.0,14.0,EAST,38.957886,-77.085762,30S,2015-02-20T18:08:00,SOUTHRN AVE STA,7177378.0,2015-02-20T16:15:00,7135.0
2,2015-02-20T21:25:57,-2.0,15.0,WEST,38.897793,-76.946991,P99,2015-02-20T17:25:00,MINNESOTA AVE,6953498.0,2015-02-20T17:10:00,6108.0
3,2015-02-20T21:26:13,0.0,15.0,WEST,38.86578,-77.326439,W99,2015-02-20T17:39:00,WEST OX DIV,6953446.0,2015-02-20T17:20:00,2154.0
4,2015-02-20T21:26:17,9.0,10.0,NORTH,38.889343,-76.937286,W4,2015-02-20T19:16:00,DEANWOOD STA,6969584.0,2015-02-20T18:21:00,6123.0
5,2015-02-20T21:26:05,4.0,10.0,NORTH,38.851006,-76.973892,W4,2015-02-20T19:37:00,DEANWOOD STA,6969585.0,2015-02-20T18:42:00,6137.0
6,2015-02-20T21:26:13,20.0,10.0,NORTH,38.927258,-77.005959,80,2015-02-20T20:41:00,FORT TOTTEN STA,6966752.0,2015-02-20T19:41:00,2402.0
7,2015-02-20T21:26:10,0.0,15.0,WEST,38.916367,-77.220581,23A,2015-02-20T21:01:00,TYSONS CORNER CTR,6955815.0,2015-02-20T19:50:00,2702.0
8,2015-02-20T21:25:54,2.0,15.0,WEST,38.932049,-76.999092,H2,2015-02-20T20:29:00,TENLEYTOWN AU-STA,6947855.0,2015-02-20T19:52:00,2403.0
9,2015-02-20T21:26:09,19.0,14.0,EAST,38.859249,-77.051132,23A,2015-02-20T21:08:00,CRYSTAL CTY,6955872.0,2015-02-20T20:00:00,2660.0
10,2015-02-20T21:26:10,0.0,14.0,EAST,38.850365,-76.955757,30N,2015-02-20T21:17:00,NAYLOR RD STA,7177385.0,2015-02-20T20:00:00,6472.0
11,2015-02-20T21:01:21,0.0,14.0,EAST,38.849243,-77.37838,1C,2015-02-20T20:52:00,DUNN LORING (VIA MALL),6938818.0,2015-02-20T20:00:00,7196.0
12,2015-02-20T21:26:16,0.0,10.0,NORTH,38.942593,-76.904427,A12,2015-02-20T20:56:00,CAPITAL PLAZA,6967865.0,2015-02-20T20:00:00,7009.0
13,2015-02-20T21:26:15,54.0,15.0,WEST,38.966972,-76.959122,F4,2015-02-20T20:57:00,SILVR SPRING STA,6970243.0,2015-02-20T20:00:00,7050.0
14,2015-02-20T21:25:57,0.0,12.0,SOUTH,38.994247,-77.027954,Y8,2015-02-20T21:00:00,SILVER SPR STA,7155860.0,2015-02-20T20:04:00,2191.0
15,2015-02-20T21:26:11,6.0,15.0,WEST,38.958729,-77.08461,30S,2015-02-20T21:24:00,FRIENDSHIP HGTS,7177341.0,2015-02-20T20:05:00,7153.0
16,2015-02-20T21:21:08,0.0,14.0,EAST,38.849442,-77.378021,3T,2015-02-20T20:47:00,E FALLS CH STA,6934685.0,2015-02-20T20:05:00,7171.0
17,2015-02-20T21:26:05,26.0,14.0,EAST,38.88974,-76.998894,96,2015-02-20T21:22:00,CAPITOL HTS STA,6944832.0,2015-02-20T20:06:00,2356.0
18,2015-02-20T21:26:21,0.0,17.0,LOOP,38.897877,-76.94709,U6,2015-02-20T21:13:00,MINNESOTA VIA HAYES,6938237.0,2015-02-20T20:11:00,6169.0
19,2015-02-20T21:26:07,0.0,15.0,WEST,39.061752,-77.119431,C4,2015-02-20T21:17:00,TWINBROOK STA,7156869.0,2015-02-20T20:12:00,7257.0
20,2015-02-20T21:26:07,0.0,12.0,SOUTH,38.79995,-77.128662,25B,2015-02-20T21:10:00,VAN DORN,6946314.0,2015-02-20T20:15:00,2606.0
21,2015-02-20T21:26:21,48.0,12.0,SOUTH,38.898483,-77.027061,P6,2015-02-20T21:06:00,ANACOSTIA STA,6956328.0,2015-02-20T20:15:00,8047.0
22,2015-02-20T21:26:01,17.0,12.0,SOUTH,38.892654,-77.025978,S4,2015-02-20T20:57:00,FED TRIANGLE,6931114.0,2015-02-20T20:15:00,5317.0
23,2015-02-20T21:25:54,6.0,12.0,SOUTH,38.993561,-77.026787,Q2,2015-02-20T21:21:00,SILVR SPRNG STA,6934930.0,2015-02-20T20:15:00,7245.0
24,2015-02-20T21:26:19,6.0,15.0,WEST,38.908848,-77.214569,28A,2015-02-20T21:29:00,TYSONS CORNER STA,6951266.0,2015-02-20T20:15:00,2677.0
25,2015-02-20T21:26:16,6.0,14.0,EAST,38.887928,-76.977112,D6,2015-02-20T21:20:00,STADIUM ARMRY,6956754.0,2015-02-20T20:15:00,2347.0
26,2015-02-20T21:26:16,0.0,10.0,NORTH,38.88216,-77.110786,10B,2015-02-20T21:09:00,BALLSTON STA,6943707.0,2015-02-20T20:15:00,2637.0
27,2015-02-20T21:25:58,0.0,15.0,WEST,38.88139,-77.110512,38B,2015-02-20T20:53:00,BALLSTON,6934297.0,2015-02-20T20:15:00,7182.0
28,2015-02-20T21:26:19,16.0,10.0,NORTH,38.881554,-77.111748,25B,2015-02-20T21:11:00,BALLSTON,6946333.0,2015-02-20T20:18:00,2524.0
29,2015-02-20T21:26:19,0.0,15.0,WEST,38.952278,-77.001839,F6,2015-02-20T21:19:00,FT TOTTEN STA,6970555.0,2015-02-20T20:18:00,3040.0
30,2015-02-20T21:25:50,27.0,12.0,SOUTH,38.932678,-76.968742,83,2015-02-20T21:05:00,RHODE ISLAND AVE STA,6962599.0,2015-02-20T20:18:00,2333.0
31,2015-02-20T21:26:02,1.0,14.0,EAST,38.826706,-77.087196,28A,2015-02-20T21:32:00,KING ST STA,6951299.0,2015-02-20T20:20:00,2618.0
32,2015-02-20T21:26:08,5.0,15.0,WEST,38.915886,-77.219154,23A,2015-02-20T21:21:00,TYSONS CORNER CTR,6955816.0,2015-02-20T20:20:00,2623.0
33,2015-02-20T21:26:14,3.0,15.0,WEST,38.928757,-77.032616,H2,2015-02-20T20:59:00,TENLEYTOWN AU-STA,6947856.0,2015-02-20T20:22:00,2345.0
34,2015-02-20T21:26:07,0.0,12.0,SOUTH,38.919704,-76.995956,86,2015-02-20T21:20:00,RHODE ISLAND,6962614.0,2015-02-20T20:23:00,4281.0
35,2015-02-20T21:26:14,22.0,10.0,NORTH,38.971355,-77.027061,70,2015-02-20T21:15:00,SILVER SPRING,6933181.0,2015-02-20T20:23:00,5438.0
36,2015-02-20T21:26:09,62.0,15.0,WEST,38.900261,-77.050453,96,2015-02-20T21:36:00,TENLEYTOWN STA,6944871.0,2015-02-20T20:24:00,2365.0
37,2015-02-20T21:25:53,1.0,14.0,EAST,38.948246,-76.872673,F4,2015-02-20T21:22:00,NEW CARRLLTON,6970179.0,2015-02-20T20:24:00,7030.0
38,2015-02-20T21:26:01,32.0,15.0,WEST,38.899879,-77.02578,X2,2015-02-20T21:02:00,LAFAYTTE SQ,6939182.0,2015-02-20T20:25:00,5401.0
39,2015-02-20T21:26:16,10.0,10.0,NORTH,38.93961,-76.990036,80,2015-02-20T21:25:00,FORT TOTTEN STA,6966717.0,2015-02-20T20:25:00,2388.0
40,2015-02-20T21:26:01,17.0,12.0,SOUTH,38.901093,-77.022011,70,2015-02-20T21:16:00,ARCHIVES,6933286.0,2015-02-20T20:25:00,5443.0
41,2015-02-20T21:26:06,7.0,12.0,SOUTH,38.813526,-77.301147,17B,2015-02-20T21:23:00,KINGS PK W HOV,6960839.0,2015-02-20T20:25:00,6571.0
42,2015-02-20T21:26:18,9.0,15.0,WEST,38.830708,-76.989326,P12,2015-02-20T21:31:00,EASTOVER (NO HOSP),6949034.0,2015-02-20T20:25:00,6209.0
43,2015-02-20T21:25:53,1.0,14.0,EAST,38.881668,-77.111702,1A,2015-02-20T21:24:00,BALLSTON (7 CORNERS),6938517.0,2015-02-20T20:25:00,6594.0
44,2015-02-20T21:26:18,0.0,10.0,NORTH,39.149902,-77.057884,Y2,2015-02-20T21:26:00,MONTG MED CTR,7155811.0,2015-02-20T20:25:00,5437.0
45,2015-02-20T21:26:22,0.0,17.0,LOOP,38.900471,-76.944328,U8,2015-02-20T21:16:00,MINN STA VIA CAPT+BENN,6949883.0,2015-02-20T20:26:00,6120.0
46,2015-02-20T21:26:00,1.0,10.0,NORTH,39.119137,-77.164764,Q2,2015-02-20T21:26:00,SHADY GRVE STA,6934860.0,2015-02-20T20:27:00,7246.0
47,2015-02-20T21:26:23,0.0,14.0,EAST,38.805664,-77.061272,29N,2015-02-20T21:26:00,KING ST (VIA MALL),6948834.0,2015-02-20T20:29:00,7189.0
48,2015-02-20T21:26:07,7.0,15.0,WEST,38.90136,-77.050041,32,2015-02-20T21:24:00,VIRGINIA AVE+E ST,6968646.0,2015-02-20T20:30:00,2331.0
49,2015-02-20T21:26:01,5.0,14.0,EAST,38.88747,-77.017738,30S,2015-02-20T21:49:00,SOUTHRN AVE STA,7177386.0,2015-02-20T20:30:00,7121.0
50,2015-02-20T21:25:56,2.0,15.0,WEST,38.994576,-77.024078,F4,2015-02-20T21:27:00,SILVR SPRING STA,6970246.0,2015-02-20T20:30:00,7047.0
51,2015-02-20T21:25:56,-1.0,10.0,NORTH,39.021732,-76.924957,86,2015-02-20T21:36:00,CALVERTON,6962481.0,2015-02-20T20:30:00,2164.0
52,2015-02-20T21:26:04,3.0,15.0,WEST,38.910549,-77.083549,D6,2015-02-20T21:37:00,SIBLEY HOSP,6956647.0,2015-02-20T20:30:00,2413.0
53,2015-02-20T21:26:18,-3.0,14.0,EAST,38.958252,-76.885506,F6,2015-02-20T21:33:00,NEW CARROLLTN,6970523.0,2015-02-20T20:30:00,6002.0
54,2015-02-20T21:26:21,20.0,12.0,SOUTH,39.020252,-77.044479,Y7,2015-02-20T21:15:00,SILVER SPRING STA,7155902.0,2015-02-20T20:30:00,6358.0
55,2015-02-20T21:25:54,5.0,14.0,EAST,38.94585,-76.977592,G8,2015-02-20T21:17:00,AVONDALE,6929343.0,2015-02-20T20:30:00,2434.0
56,2015-02-20T21:26:08,0.0,10.0,NORTH,38.806641,-77.060333,REX,2015-02-20T21:12:00,KING ST STA,6937745.0,2015-02-20T20:30:00,6556.0
57,2015-02-20T21:26:16,6.0,14.0,EAST,38.84201,-77.078087,23A,2015-02-20T21:33:00,CRYSTAL CTY,6955873.0,2015-02-20T20:30:00,2614.0
58,2015-02-20T21:25:53,5.0,15.0,WEST,38.84029,-76.97641,D12,2015-02-20T21:22:00,SOUTHERN AVE STA,6959401.0,2015-02-20T20:31:00,6163.0
59,2015-02-20T21:25:58,0.0,15.0,WEST,38.961353,-77.085182,E2,2015-02-20T21:11:00,FRIENDSHP HTS,6963412.0,2015-02-20T20:31:00,7114.0
60,2015-02-20T21:26:20,10.0,10.0,NORTH,38.920727,-77.041954,90,2015-02-20T21:22:00,DK ELLNGTN BRDG,7003623.0,2015-02-20T20:31:00,6549.0
61,2015-02-20T21:26:02,0.0,14.0,EAST,38.916519,-76.981415,E2,2015-02-20T21:22:00,IVY CITY,6963509.0,2015-02-20T20:32:00,7141.0
62,2015-02-20T21:26:18,0.0,17.0,LOOP,38.889637,-76.952858,U5,2015-02-20T21:31:00,MINNESOTA AVE,6938238.0,2015-02-20T20:32:00,6150.0
63,2015-02-20T21:26:23,6.0,15.0,WEST,38.901787,-77.038651,G8,2015-02-20T21:18:00,FARRAGUT SQUARE,6929407.0,2015-02-20T20:32:00,2332.0
64,2015-02-20T21:25:51,8.0,12.0,SOUTH,38.862202,-76.970917,92,2015-02-20T21:28:00,CNGRESS HTS STA,7003767.0,2015-02-20T20:33:00,6316.0
65,2015-02-20T21:25:21,0.0,12.0,SOUTH,38.862953,-76.996132,W4,2015-02-20T21:29:00,ANACOSTIA STA,6969651.0,2015-02-20T20:33:00,6147.0
66,2015-02-20T21:26:14,10.0,14.0,EAST,38.853806,-76.969994,32,2015-02-20T21:24:00,SOUTHRN AVE,6968748.0,2015-02-20T20:34:00,2391.0
67,2015-02-20T21:26:13,4.0,10.0,NORTH,38.972713,-77.011345,F2,2015-02-20T21:24:00,TAKOMA STA,6946164.0,2015-02-20T20:34:00,7010.0
68,2015-02-20T21:26:22,7.0,10.0,NORTH,38.978233,-77.026375,70,2015-02-20T21:27:00,SILVER SPRING,6933182.0,2015-02-20T20:35:00,6372.0
69,2015-02-20T21:26:04,-6.0,15.0,WEST,38.877274,-77.271111,1A,2015-02-20T21:32:00,VIENNA (7 CORNERS),6938433.0,2015-02-20T20:35:00,7208.0
70,2015-02-20T21:26:07,0.0,14.0,EAST,38.886677,-77.156975,3T,2015-02-20T21:17:00,E FALLS CH STA,6934686.0,2015-02-20T20:35:00,3759.0
71,2015-02-20T21:26:17,0.0,14.0,EAST,38.884968,-77.021172,5A,2015-02-20T21:23:00,LENFANT PLAZA,6935960.0,2015-02-20T20:35:00,8025.0
72,2015-02-20T21:26:10,10.0,15.0,WEST,38.865616,-77.15062,28A,2015-02-20T21:49:00,TYSONS CORNER STA,6951252.0,2015-02-20T20:35:00,2634.0
73,2015-02-20T21:26:18,0.0,12.0,SOUTH,39.028233,-77.04718,Q2,2015-02-20T21:41:00,SILVR SPRNG STA,6934931.0,2015-02-20T20:35:00,6342.0
74,2015-02-20T21:26:19,6.0,12.0,SOUTH,38.694832,-77.141632,REX,2015-02-20T21:20:00,JACKSON + GUNSTON,6937676.0,2015-02-20T20:36:00,6554.0
75,2015-02-20T21:25:54,5.0,12.0,SOUTH,38.900822,-77.021996,70,2015-02-20T21:28:00,ARCHIVES,6933306.0,2015-02-20T20:37:00,5445.0
76,2015-02-20T21:25:52,1.0,12.0,SOUTH,38.869827,-76.988922,90,2015-02-20T21:31:00,ANACOSTIA,7003768.0,2015-02-20T20:37:00,6567.0
77,2015-02-20T21:26:22,8.0,15.0,WEST,38.901302,-77.039291,30N,2015-02-20T21:54:00,FRIENDSHIP HGTS,7177342.0,2015-02-20T20:38:00,7155.0
78,2015-02-20T21:25:57,3.0,14.0,EAST,38.994625,-77.027664,J2,2015-02-20T21:21:00,SILVR SPRNG STA,6944327.0,2015-02-20T20:38:00,6392.0
79,2015-02-20T21:26:13,7.0,15.0,WEST,38.884846,-77.023514,V7,2015-02-20T21:23:00,BUR OF ENGRVNG,6932722.0,2015-02-20T20:39:00,6118.0
80,2015-02-20T21:26:18,5.0,14.0,EAST,38.905495,-77.009216,96,2015-02-20T21:55:00,CAPITOL HTS STA,6944763.0,2015-02-20T20:39:00,2394.0
81,2015-02-20T21:25:58,13.0,10.0,NORTH,38.95636,-77.036362,S4,2015-02-20T21:24:00,SILVER SPRNG,6930844.0,2015-02-20T20:39:00,6503.0
82,2015-02-20T21:25:55,4.0,14.0,EAST,38.844406,-76.931816,P12,2015-02-20T21:45:00,ADDISON RD STA (NO HOSP),6949018.0,2015-02-20T20:40:00,7033.0
83,2015-02-20T21:25:50,-1.0,15.0,WEST,38.843014,-77.284904,29K,2015-02-20T21:36:00,GMU,6948813.0,2015-02-20T20:40:00,7203.0
84,2015-02-20T21:26:22,2.0,14.0,EAST,38.851757,-77.132156,28A,2015-02-20T21:52:00,KING ST STA,6951317.0,2015-02-20T20:40:00,2725.0
85,2015-02-20T21:26:18,-2.0,10.0,NORTH,39.191566,-76.67292,B30,2015-02-20T21:18:00,BWI LT RAIL STA,6960629.0,2015-02-20T20:40:00,6214.0
86,2015-02-20T21:26:08,0.0,10.0,NORTH,39.130665,-77.070801,Y2,2015-02-20T21:34:00,MONTG MED CTR,7155769.0,2015-02-20T20:40:00,5432.0
87,2015-02-20T21:26:17,3.0,15.0,WEST,38.875988,-77.114548,25A,2015-02-20T21:26:00,BALLSTON (NON-HOV),6968470.0,2015-02-20T20:40:00,2561.0
88,2015-02-20T21:26:13,9.0,12.0,SOUTH,39.020386,-77.01284,Z6,2015-02-20T21:27:00,SILVR SPRNG STA,6941395.0,2015-02-20T20:41:00,7244.0
89,2015-02-20T21:26:03,45.0,12.0,SOUTH,38.883667,-76.963623,B2,2015-02-20T21:30:00,ANACOSTIA STA,6943067.0,2015-02-20T20:41:00,2354.0
90,2015-02-20T21:25:52,4.0,12.0,SOUTH,38.926208,-76.92775,F2,2015-02-20T21:28:00,CHEVERLY STA,6946120.0,2015-02-20T20:42:00,7070.0
91,2015-02-20T21:26:17,0.0,14.0,EAST,38.955444,-76.873642,G12,2015-02-20T21:31:00,NEW CARROLLTON STA,6954921.0,2015-02-20T20:42:00,6050.0
92,2015-02-20T21:26:10,6.0,15.0,WEST,39.031368,-77.022133,C4,2015-02-20T21:47:00,TWINBROOK STA,7156870.0,2015-02-20T20:42:00,7229.0
93,2015-02-20T21:26:17,6.0,14.0,EAST,38.955151,-76.874153,G16,2015-02-20T21:25:00,NEW CARROLTON STA,6954943.0,2015-02-20T20:42:00,6179.0
94,2015-02-20T21:26:13,0.0,12.0,SOUTH,38.884819,-77.021347,52,2015-02-20T21:18:00,L ENFANT PLAZA,6953933.0,2015-02-20T20:42:00,7219.0
95,2015-02-20T21:26:22,9.0,10.0,NORTH,39.104855,-76.866638,89,2015-02-20T21:26:00,4TH & GREEN HILL,6954725.0,2015-02-20T20:43:00,6207.0
96,2015-02-20T21:26:17,5.0,14.0,EAST,38.842228,-77.084755,25A,2015-02-20T21:31:00,PENTAGON (NON-HOV),6968509.0,2015-02-20T20:43:00,2547.0
97,2015-02-20T21:26:08,5.0,14.0,EAST,38.962002,-76.931091,F4,2015-02-20T21:42:00,NEW CARRLLTON,6970180.0,2015-02-20T20:44:00,7016.0
98,2015-02-20T21:26:17,-2.0,12.0,SOUTH,38.901329,-77.030647,S9,2015-02-20T21:22:00,FRANKLIN SQ,6932251.0,2015-02-20T20:44:00,6426.0
99,2015-02-20T21:26:10,1.0,10.0,NORTH,39.015495,-76.927475,83,2015-02-20T21:32:00,CHERRY HILL,6962515.0,2015-02-20T20:45:00,2312.0
100,2015-02-20T21:25:51,3.0,15.0,WEST,39.026619,-77.14518,J2,2015-02-20T21:23:00,MONTGMRY MALL /CEDR,6944254.0,2015-02-20T20:45:00,7233.0
101,2015-02-20T21:26:02,31.0,10.0,NORTH,38.936852,-77.032722,S9,2015-02-20T21:24:00,SILVER SPRING STA,6932192.0,2015-02-20T20:45:00,6441.0
102,2015-02-20T21:26:01,0.0,14.0,EAST,38.89629,-77.029686,D6,2015-02-20T21:50:00,STADIUM ARMRY,6956755.0,2015-02-20T20:45:00,2364.0
103,2015-02-20T21:26:18,0.0,14.0,EAST,38.879974,-77.109116,2A,2015-02-20T21:15:00,BALLSTON STA,6935434.0,2015-02-20T20:45:00,6575.0
104,2015-02-20T21:26:06,-4.0,15.0,WEST,38.838928,-77.198967,3A,2015-02-20T21:39:00,PATRIOT+AMRICNA,6960987.0,2015-02-20T20:45:00,6570.0
105,2015-02-20T21:26:18,-2.0,12.0,SOUTH,38.884289,-76.916473,F14,2015-02-20T21:46:00,NAYLOR RD STA,6930188.0,2015-02-20T20:45:00,6203.0
106,2015-02-20T21:26:12,6.0,12.0,SOUTH,38.794609,-77.049309,10A,2015-02-20T21:22:00,HUNTING POINT,6945319.0,2015-02-20T20:45:00,2628.0
107,2015-02-20T21:26:18,41.0,12.0,SOUTH,38.81646,-77.015335,P6,2015-02-20T21:36:00,ANACOSTIA STA,6956329.0,2015-02-20T20:45:00,8017.0
108,2015-02-20T21:11:35,3.0,15.0,WEST,38.848858,-77.378555,3T,2015-02-20T21:27:00,MCLEAN STATION,6934654.0,2015-02-20T20:45:00,3765.0
109,2015-02-20T21:26:17,15.0,10.0,NORTH,38.966133,-77.036324,S9,2015-02-20T21:24:00,SILVER SPRING STA,6932192.0,2015-02-20T20:45:00,6437.0
110,2015-02-20T21:26:13,7.0,10.0,NORTH,38.902531,-77.017189,P6,2015-02-20T21:38:00,RHODE ISLAND STA,6956392.0,2015-02-20T20:45:00,8054.0
111,2015-02-20T21:26:21,5.0,15.0,WEST,38.880196,-77.113968,38B,2015-02-20T21:23:00,BALLSTON,6934328.0,2015-02-20T20:45:00,6600.0
112,2015-02-20T21:26:21,-3.0,15.0,WEST,38.9534,-77.362137,5A,2015-02-20T21:42:00,DULLES AIRPORT,6935997.0,2015-02-20T20:45:00,6562.0
113,2015-02-20T21:26:12,0.0,15.0,WEST,38.862293,-76.99482,W2,2015-02-20T21:49:00,ANACSTIA VIA WA OVRLK,7167628.0,2015-02-20T20:45:00,3050.0
114,2015-02-20T21:26:17,-2.0,10.0,NORTH,38.869698,-77.092758,10B,2015-02-20T21:34:00,BALLSTON STA,6943684.0,2015-02-20T20:45:00,2722.0
115,2015-02-20T21:26:16,18.0,12.0,SOUTH,38.927986,-77.03653,S4,2015-02-20T21:27:00,FED TRIANGLE,6931115.0,2015-02-20T20:45:00,2141.0
116,2015-02-20T21:26:20,0.0,17.0,LOOP,38.882252,-76.933556,U8,2015-02-20T21:36:00,MINN STA VIA CAPT+BENN,6949884.0,2015-02-20T20:46:00,6122.0
117,2015-02-20T21:25:56,-2.0,10.0,NORTH,39.07991,-77.138153,Q2,2015-02-20T21:46:00,SHADY GRVE STA,6934861.0,2015-02-20T20:47:00,6383.0
118,2015-02-20T21:26:16,1.0,10.0,NORTH,39.081276,-76.946411,Z6,2015-02-20T21:34:00,BURTONSVILLE,6941345.0,2015-02-20T20:47:00,7232.0
119,2015-02-20T21:26:02,7.0,12.0,SOUTH,38.893845,-77.026115,64,2015-02-20T21:20:00,FEDERAL TRIANGLE,6949482.0,2015-02-20T20:47:00,6520.0
120,2015-02-20T21:26:11,8.0,12.0,SOUTH,38.900383,-77.000557,D8,2015-02-20T21:22:00,UNION,6950180.0,2015-02-20T20:47:00,2461.0
121,2015-02-20T21:26:21,14.0,10.0,NORTH,38.936966,-77.024315,70,2015-02-20T21:39:00,SILVER SPRING,6933203.0,2015-02-20T20:47:00,5440.0
122,2015-02-20T21:25:56,0.0,10.0,NORTH,38.86866,-77.054291,7F,2015-02-20T21:19:00,PENTAGON,6961647.0,2015-02-20T20:48:00,2611.0
123,2015-02-20T21:26:07,6.0,15.0,WEST,38.99342,-76.992004,C2,2015-02-20T21:58:00,RANDOLPH + PARKLAWN,7156945.0,2015-02-20T20:48:00,6351.0
124,2015-02-20T21:25:54,5.0,15.0,WEST,39.07547,-77.002068,C8,2015-02-20T21:45:00,WHITE FLINT (NO FDA),6929946.0,2015-02-20T20:49:00,7271.0
125,2015-02-20T21:26:05,12.0,12.0,SOUTH,38.939072,-77.024391,70,2015-02-20T21:40:00,ARCHIVES,6933287.0,2015-02-20T20:49:00,7214.0
126,2015-02-20T21:25:50,0.0,12.0,SOUTH,39.049339,-77.051949,Y2,2015-02-20T21:45:00,SILVER SPRING STA,7155861.0,2015-02-20T20:49:00,7248.0
127,2015-02-20T21:25:51,3.0,10.0,NORTH,38.929604,-77.03257,54,2015-02-20T21:37:00,14TH+COLORADO,6953759.0,2015-02-20T20:49:00,2134.0
128,2015-02-20T21:26:19,6.0,10.0,NORTH,38.945995,-77.036354,S2,2015-02-20T21:36:00,SILVER SPRNG,6930938.0,2015-02-20T20:49:00,2114.0
129,2015-02-20T21:26:04,3.0,10.0,NORTH,38.93964,-77.07502,33,2015-02-20T21:34:00,FRIENDSHIP HGTS,6970630.0,2015-02-20T20:50:00,7143.0
130,2015-02-20T21:26:00,5.0,15.0,WEST,38.877121,-77.109535,23A,2015-02-20T21:51:00,TYSONS CORNER CTR,6955817.0,2015-02-20T20:50:00,2586.0
131,2015-02-20T21:26:08,7.0,12.0,SOUTH,38.916397,-77.032059,53,2015-02-20T21:30:00,MCPHERSON SQ,6953935.0,2015-02-20T20:50:00,5313.0
132,2015-02-20T21:25:59,2.0,15.0,WEST,38.853172,-77.324768,1C,2015-02-20T21:44:00,WEST OX DIV (VIA MALL),6938779.0,2015-02-20T20:50:00,6601.0
133,2015-02-20T21:26:12,7.0,12.0,SOUTH,38.904854,-77.056862,33,2015-02-20T21:39:00,10TH + PENNSYLVNIA,6970714.0,2015-02-20T20:50:00,7144.0
134,2015-02-20T21:26:09,11.0,15.0,WEST,38.932053,-77.037262,H8,2015-02-20T21:17:00,MT PLEASNT+17TH,6968066.0,2015-02-20T20:50:00,2366.0
135,2015-02-20T21:26:06,36.0,15.0,WEST,38.849194,-77.377716,1C,2015-02-20T21:44:00,WEST OX DIV (VIA MALL),6938779.0,2015-02-20T20:50:00,7174.0
136,2015-02-20T21:26:05,4.0,14.0,EAST,38.973263,-76.873001,T14,2015-02-20T21:28:00,NEW CARRLTN STA,6956149.0,2015-02-20T20:50:00,7032.0
137,2015-02-20T21:26:17,0.0,14.0,EAST,38.81337,-77.130836,29K,2015-02-20T21:45:00,KING ST STA,6948850.0,2015-02-20T20:50:00,7188.0
138,2015-02-20T21:26:11,13.0,14.0,EAST,38.929352,-77.019386,H4,2015-02-20T21:26:00,STA -BROOKLAND CUA STA,6947964.0,2015-02-20T20:50:00,2457.0
139,2015-02-20T21:25:58,4.0,12.0,SOUTH,38.895107,-77.027077,54,2015-02-20T21:29:00,L ENFANT PLAZA,6953934.0,2015-02-20T20:52:00,5311.0
140,2015-02-20T21:26:12,4.0,14.0,EAST,38.95863,-77.001038,E4,2015-02-20T21:26:00,RIGGS PK,6963510.0,2015-02-20T20:52:00,6478.0
141,2015-02-20T21:26:20,7.0,15.0,WEST,38.93924,-77.060516,H2,2015-02-20T21:29:00,TENLEYTOWN AU-STA,6947857.0,2015-02-20T20:52:00,2319.0
142,2015-02-20T21:26:21,1.0,15.0,WEST,38.996601,-76.90255,G16,2015-02-20T21:32:00,GREENBELT STA,6954889.0,2015-02-20T20:52:00,6187.0
143,2015-02-20T21:26:08,1.0,12.0,SOUTH,38.959343,-76.939819,83,2015-02-20T21:39:00,RHODE ISLAND AVE STA,6962552.0,2015-02-20T20:52:00,2302.0
144,2015-02-20T21:25:46,3.0,10.0,NORTH,38.906193,-76.907928,F14,2015-02-20T21:48:00,NEW CARROLTON STA,6930155.0,2015-02-20T20:52:00,7067.0
145,2015-02-20T21:26:09,2.0,14.0,EAST,38.896629,-77.126419,3A,2015-02-20T21:34:00,ROSSLYN,6961045.0,2015-02-20T20:53:00,6602.0
146,2015-02-20T21:26:01,2.0,12.0,SOUTH,38.963856,-77.081863,L8,2015-02-20T21:25:00,FRIENDSHIP HTS STA,6947220.0,2015-02-20T20:53:00,6364.0
147,2015-02-20T21:26:15,1.0,10.0,NORTH,38.951496,-77.033386,53,2015-02-20T21:41:00,TAKOMA STA,6953758.0,2015-02-20T20:54:00,6526.0
148,2015-02-20T21:26:02,-1.0,14.0,EAST,38.844307,-76.990425,W2,2015-02-20T21:40:00,SOUTHERN AVE STA,7166698.0,2015-02-20T20:54:00,3768.0
149,2015-02-20T21:26:13,1.0,12.0,SOUTH,39.031353,-76.899521,B30,2015-02-20T21:29:00,GREENBELT STA,6960633.0,2015-02-20T20:54:00,6217.0
150,2015-02-20T21:26:19,1.0,15.0,WEST,38.94614,-77.096962,N6,2015-02-20T21:33:00,FRIENDSHIP HTS,6962889.0,2015-02-20T20:54:00,7115.0
151,2015-02-20T21:26:21,-4.0,12.0,SOUTH,39.004807,-77.023361,Z8,2015-02-20T21:37:00,SILVER SPRING STA,6941562.0,2015-02-20T20:54:00,7099.0
152,2015-02-20T21:25:58,-6.0,10.0,NORTH,39.041817,-76.991219,K6,2015-02-20T21:35:00,WHITE OAK,6966240.0,2015-02-20T20:55:00,6029.0
153,2015-02-20T21:26:08,1.0,12.0,SOUTH,38.898792,-77.024109,42,2015-02-20T21:22:00,9TH + G ST,6965196.0,2015-02-20T20:55:00,7122.0
154,2015-02-20T21:25:57,3.0,15.0,WEST,38.857052,-77.11306,16G,2015-02-20T21:23:00,DINWIDDIE+COLUMBIA,6940829.0,2015-02-20T20:55:00,2569.0
155,2015-02-20T21:26:06,1.0,14.0,EAST,38.88739,-76.954742,V7,2015-02-20T21:43:00,DEANWOOD,6932788.0,2015-02-20T20:55:00,6148.0
156,2015-02-20T21:26:13,2.0,12.0,SOUTH,39.075363,-77.117157,Q2,2015-02-20T22:01:00,SILVR SPRNG STA,6934932.0,2015-02-20T20:55:00,7085.0
157,2015-02-20T21:26:20,8.0,10.0,NORTH,38.899632,-77.021385,80,2015-02-20T21:55:00,FORT TOTTEN STA,6966730.0,2015-02-20T20:55:00,2363.0
158,2015-02-20T21:26:16,-1.0,14.0,EAST,38.897121,-76.963623,X2,2015-02-20T21:33:00,MINNESOTA STA,6939046.0,2015-02-20T20:55:00,5407.0
159,2015-02-20T21:25:57,31.0,10.0,NORTH,38.993477,-77.027657,Y2,2015-02-20T21:49:00,MONTG MED CTR,7155813.0,2015-02-20T20:55:00,6399.0
160,2015-02-20T21:26:11,4.0,12.0,SOUTH,38.865276,-76.950569,W4,2015-02-20T21:51:00,ANACOSTIA STA,6969652.0,2015-02-20T20:55:00,6176.0
161,2015-02-20T21:26:19,-2.0,14.0,EAST,38.868904,-77.178787,1A,2015-02-20T21:54:00,BALLSTON (7 CORNERS),6938518.0,2015-02-20T20:55:00,6574.0
162,2015-02-20T21:25:52,-5.0,15.0,WEST,38.856247,-77.139771,28A,2015-02-20T22:09:00,TYSONS CORNER STA,6951269.0,2015-02-20T20:55:00,2545.0
163,2015-02-20T21:26:08,14.0,15.0,WEST,38.853554,-76.909592,P12,2015-02-20T22:01:00,EASTOVER (NO HOSP),6949078.0,2015-02-20T20:55:00,7018.0
164,2015-02-20T21:25:55,-6.0,14.0,EAST,38.905952,-77.041374,N6,2015-02-20T21:32:00,FARRAGUT SQ,6962973.0,2015-02-20T20:55:00,6470.0
165,2015-02-20T21:26:16,-2.0,12.0,SOUTH,38.955269,-77.00663,K6,2015-02-20T21:30:00,FORT TOTTEN STA,6966322.0,2015-02-20T20:55:00,7259.0
166,2015-02-20T21:26:05,2.0,10.0,NORTH,38.783859,-77.073792,REX,2015-02-20T21:38:00,KING ST STA,6937746.0,2015-02-20T20:56:00,6551.0
167,2015-02-20T21:26:14,10.0,14.0,EAST,39.04097,-77.048302,C4,2015-02-20T21:53:00,PG PLAZA STA,7157051.0,2015-02-20T20:57:00,6374.0
168,2015-02-20T21:26:10,0.0,15.0,WEST,38.894184,-77.010185,96,2015-02-20T22:09:00,TENLEYTOWN STA,6944880.0,2015-02-20T20:57:00,2432.0
169,2015-02-20T21:26:10,3.0,14.0,EAST,38.98547,-77.086868,J2,2015-02-20T21:41:00,SILVR SPRNG STA,6944378.0,2015-02-20T20:58:00,6371.0
170,2015-02-20T21:25:56,-3.0,14.0,EAST,38.925579,-76.990471,H8,2015-02-20T21:33:00,RHODE ISLAND,6968141.0,2015-02-20T20:58:00,2435.0
171,2015-02-20T21:26:05,3.0,10.0,NORTH,38.811287,-77.212448,17A,2015-02-20T21:41:00,PENTAGON HOV,6960861.0,2015-02-20T20:58:00,6588.0
172,2015-02-20T21:25:58,1.0,10.0,NORTH,38.937382,-77.024391,70,2015-02-20T21:51:00,SILVER SPRING,6933207.0,2015-02-20T20:59:00,6377.0
173,2015-02-20T21:26:19,-1.0,10.0,NORTH,38.93782,-77.036407,S4,2015-02-20T21:44:00,SILVER SPRNG,6930845.0,2015-02-20T20:59:00,5303.0
174,2015-02-20T21:26:12,-5.0,10.0,NORTH,38.91898,-76.860191,A12,2015-02-20T21:51:00,CAPITAL PLAZA,6967867.0,2015-02-20T21:00:00,7036.0
175,2015-02-20T21:25:53,4.0,14.0,EAST,38.812199,-76.980591,D12,2015-02-20T21:50:00,SUITLAND STA,6959340.0,2015-02-20T21:00:00,6158.0
176,2015-02-20T21:26:19,1.0,15.0,WEST,38.963486,-76.939178,F4,2015-02-20T21:57:00,SILVR SPRING STA,6970247.0,2015-02-20T21:00:00,6195.0
177,2015-02-20T21:26:03,6.0,10.0,NORTH,38.849209,-76.995964,A4,2015-02-20T21:24:00,ANACOSTIA,6958862.0,2015-02-20T21:00:00,8064.0
178,2015-02-20T21:26:10,3.0,12.0,SOUTH,38.88847,-77.242775,2T,2015-02-20T21:31:00,DUN LORNG STA,6935701.0,2015-02-20T21:00:00,7205.0
179,2015-02-20T21:26:00,4.0,15.0,WEST,38.876892,-77.195305,2A,2015-02-20T21:30:00,DUNN LORING STA,6935384.0,2015-02-20T21:00:00,6592.0
180,2015-02-20T21:26:22,9.0,10.0,NORTH,38.929718,-77.054985,L2,2015-02-20T21:35:00,CHEVY CHASE,6946762.0,2015-02-20T21:00:00,7158.0
181,2015-02-20T21:25:59,0.0,14.0,EAST,38.88213,-77.113014,23A,2015-02-20T22:03:00,CRYSTAL CTY,6955874.0,2015-02-20T21:00:00,2582.0
182,2015-02-20T21:26:01,2.0,12.0,SOUTH,38.815842,-77.014305,A4,2015-02-20T21:24:00,DC VILL (VIA FT DRM),6958735.0,2015-02-20T21:00:00,8095.0
183,2015-02-20T21:26:03,8.0,12.0,SOUTH,38.839725,-77.088554,10B,2015-02-20T21:51:00,HUNTING POINT,6943670.0,2015-02-20T21:00:00,2633.0
184,2015-02-20T21:25:54,0.0,14.0,EAST,38.905109,-77.063858,38B,2015-02-20T21:38:00,FARRAGUT,6934346.0,2015-02-20T21:00:00,7194.0
185,2015-02-20T21:26:01,0.0,15.0,WEST,38.851147,-77.130333,16B,2015-02-20T21:34:00,CULMORE,6940249.0,2015-02-20T21:00:00,2676.0
186,2015-02-20T21:26:12,0.0,12.0,SOUTH,38.92709,-77.036522,S2,2015-02-20T21:45:00,FEDTRIANGLE,6931147.0,2015-02-20T21:00:00,6488.0
187,2015-02-20T21:26:17,7.0,15.0,WEST,38.896206,-77.024185,D6,2015-02-20T22:07:00,SIBLEY HOSP,6956648.0,2015-02-20T21:00:00,2352.0
188,2015-02-20T21:25:56,8.0,15.0,WEST,38.900265,-77.013451,X2,2015-02-20T21:29:00,LAFAYTTE SQ,6939184.0,2015-02-20T21:00:00,2325.0
189,2015-02-20T21:26:22,-1.0,10.0,NORTH,38.853516,-77.053406,10A,2015-02-20T21:35:00,PENTAGON,6945257.0,2015-02-20T21:00:00,2515.0
190,2015-02-20T21:26:00,12.0,10.0,NORTH,38.926182,-77.036438,S9,2015-02-20T21:39:00,SILVER SPRING STA,6932193.0,2015-02-20T21:00:00,6438.0
191,2015-02-20T21:26:06,-5.0,14.0,EAST,38.875687,-77.160751,28A,2015-02-20T22:12:00,KING ST STA,6951300.0,2015-02-20T21:00:00,2556.0
192,2015-02-20T21:26:03,0.0,12.0,SOUTH,38.80983,-77.252068,17A,2015-02-20T21:45:00,G MASON UNIV HOV,6960840.0,2015-02-20T21:00:00,7179.0
193,2015-02-20T21:26:03,-2.0,11.0,CLOCKWIS,38.850773,-76.981071,W6,2015-02-20T21:40:00,ANACOSTIA,6990727.0,2015-02-20T21:00:00,3048.0
194,2015-02-20T21:26:11,3.0,12.0,SOUTH,38.833599,-77.119759,7A,2015-02-20T21:30:00,LINCOLNIA+QUANTRELL,6961605.0,2015-02-20T21:00:00,2580.0
195,2015-02-20T21:26:18,4.0,10.0,NORTH,38.922039,-76.993561,D8,2015-02-20T21:38:00,VETERANS ADMIN MED CTR,6950255.0,2015-02-20T21:00:00,2815.0
196,2015-02-20T21:25:54,-6.0,12.0,SOUTH,38.922817,-76.868011,A12,2015-02-20T21:52:00,ADDISON RD STA,6967818.0,2015-02-20T21:00:00,7039.0
197,2015-02-20T21:26:01,0.0,12.0,SOUTH,38.814079,-77.053413,MW1,2015-02-20T21:19:00,BRADDOCK RD,6942026.0,2015-02-20T21:00:00,8013.0
198,2015-02-20T21:26:00,6.0,10.0,NORTH,38.884583,-76.976196,B2,2015-02-20T21:43:00,MOUNT RAINIER,6942966.0,2015-02-20T21:00:00,2344.0
199,2015-02-20T21:26:07,0.0,15.0,WEST,38.915192,-77.013832,G8,2015-02-20T21:46:00,FARRAGUT SQUARE,6929408.0,2015-02-20T21:00:00,2801.0
200,2015-02-20T21:26:06,6.0,10.0,NORTH,38.858761,-77.051178,MW1,2015-02-20T21:20:00,CRYSTAL CITY,6942152.0,2015-02-20T21:00:00,8009.0
201,2015-02-20T21:25:52,-3.0,14.0,EAST,38.932144,-76.996117,G8,2015-02-20T21:47:00,AVONDALE,6929344.0,2015-02-20T21:00:00,2822.0
202,2015-02-20T21:26:20,-1.0,14.0,EAST,38.905132,-77.061775,30N,2015-02-20T22:17:00,NAYLOR RD STA,7177387.0,2015-02-20T21:00:00,7130.0
203,2015-02-20T21:26:13,16.0,12.0,SOUTH,39.004837,-76.969688,R2,2015-02-20T21:35:00,FORT TOTTEN,6964543.0,2015-02-20T21:00:00,2350.0
204,2015-02-20T21:26:06,2.0,12.0,SOUTH,38.799587,-77.049446,9A,2015-02-20T21:31:00,HUNTINGTON STA,6946474.0,2015-02-20T21:00:00,2608.0
205,2015-02-20T21:25:58,4.0,14.0,EAST,38.855915,-77.332314,1C,2015-02-20T21:52:00,DUNN LORING (VIA MALL),6938819.0,2015-02-20T21:00:00,7201.0
206,2015-02-20T21:26:09,14.0,14.0,EAST,38.867363,-77.068321,16G,2015-02-20T21:15:00,PENTAGON CITY,6940933.0,2015-02-20T21:01:00,2564.0
207,2015-02-20T21:26:01,8.0,12.0,SOUTH,38.899681,-76.985512,B2,2015-02-20T21:50:00,ANACOSTIA STA,6943068.0,2015-02-20T21:01:00,2335.0
208,2015-02-20T21:26:04,7.0,10.0,NORTH,38.928299,-77.027267,64,2015-02-20T21:35:00,FORT TOTTEN,6949409.0,2015-02-20T21:01:00,6534.0
209,2015-02-20T21:25:56,0.0,12.0,SOUTH,38.938931,-77.024307,70,2015-02-20T21:52:00,ARCHIVES,6933288.0,2015-02-20T21:01:00,5306.0
210,2015-02-20T21:25:57,20.0,10.0,NORTH,38.816475,-77.014824,90,2015-02-20T21:53:00,DK ELLNGTN BRDG,7003625.0,2015-02-20T21:02:00,6332.0
211,2015-02-20T21:26:16,0.0,12.0,SOUTH,39.014416,-77.203377,T2,2015-02-20T21:44:00,FRIENDSHIP HTS,6929723.0,2015-02-20T21:02:00,6393.0
212,2015-02-20T21:26:12,4.0,15.0,WEST,38.961903,-77.050606,E4,2015-02-20T21:31:00,FRIENDSHP HTS,6963421.0,2015-02-20T21:02:00,7165.0
213,2015-02-20T21:26:18,4.0,15.0,WEST,38.885983,-76.897865,J12,2015-02-20T21:23:00,ADDISON RD STA,6962138.0,2015-02-20T21:02:00,7079.0
214,2015-02-20T21:26:15,6.0,10.0,NORTH,39.046867,-76.985695,Z8,2015-02-20T21:39:00,GREENCASTLE,6941514.0,2015-02-20T21:02:00,6385.0
215,2015-02-20T21:26:01,0.0,17.0,LOOP,38.892269,-76.961151,U4,2015-02-20T21:30:00,MINNESOTA STA,6963887.0,2015-02-20T21:03:00,3014.0
216,2015-02-20T21:26:14,5.0,12.0,SOUTH,38.907345,-77.001099,92,2015-02-20T21:58:00,CNGRESS HTS STA,7003769.0,2015-02-20T21:03:00,8026.0
217,2015-02-20T21:26:23,-2.0,14.0,EAST,38.887619,-77.007401,36,2015-02-20T21:52:00,NAYLOR RD STA,6968817.0,2015-02-20T21:04:00,2504.0
218,2015-02-20T21:26:17,4.0,10.0,NORTH,38.911015,-77.031914,52,2015-02-20T21:45:00,14TH+COLORADO,6953760.0,2015-02-20T21:04:00,6494.0
219,2015-02-20T21:26:13,0.0,15.0,WEST,38.939644,-76.928909,T18,2015-02-20T21:44:00,R I AVE STA,6967633.0,2015-02-20T21:04:00,7021.0
220,2015-02-20T21:25:54,3.0,14.0,EAST,39.006115,-76.785904,B27,2015-02-20T21:29:00,BOWIE STATE,6960800.0,2015-02-20T21:05:00,7012.0
221,2015-02-20T21:26:16,-6.0,14.0,EAST,38.897228,-77.187828,3T,2015-02-20T21:47:00,E FALLS CH STA,6934687.0,2015-02-20T21:05:00,3751.0
222,2015-02-20T21:25:58,2.0,14.0,EAST,38.939369,-76.918396,T18,2015-02-20T21:43:00,NEW CARROLLTON STA,6967583.0,2015-02-20T21:05:00,7074.0
223,2015-02-20T21:26:05,5.0,10.0,NORTH,38.981884,-76.971123,R2,2015-02-20T21:50:00,CALVERTON,6964494.0,2015-02-20T21:05:00,2376.0
224,2015-02-20T21:26:06,2.0,10.0,NORTH,38.843948,-76.900909,K12,2015-02-20T21:37:00,SUITLAND(NO ANDREWS WG),6950978.0,2015-02-20T21:05:00,7073.0
225,2015-02-20T21:26:09,2.0,12.0,SOUTH,38.900467,-77.038315,42,2015-02-20T21:32:00,9TH + G ST,6965247.0,2015-02-20T21:05:00,7109.0
226,2015-02-20T21:26:02,1.0,15.0,WEST,38.988728,-77.095078,J2,2015-02-20T21:43:00,MONTGMRY MALL /CEDR,6944280.0,2015-02-20T21:05:00,7081.0
227,2015-02-20T21:26:11,0.0,15.0,WEST,38.870548,-77.152451,1A,2015-02-20T22:02:00,VIENNA (7 CORNERS),6938434.0,2015-02-20T21:05:00,6577.0
228,2015-02-20T21:25:59,5.0,15.0,WEST,38.87215,-76.973145,30S,2015-02-20T22:24:00,FRIENDSHIP HGTS,7177343.0,2015-02-20T21:05:00,7161.0
229,2015-02-20T21:26:20,3.0,12.0,SOUTH,38.77356,-77.081261,REX,2015-02-20T21:50:00,JACKSON + GUNSTON,6937677.0,2015-02-20T21:06:00,6550.0
230,2015-02-20T21:26:16,3.0,10.0,NORTH,38.911133,-77.044327,42,2015-02-20T21:40:00,MT PLEASANT,6965318.0,2015-02-20T21:06:00,7129.0
231,2015-02-20T21:26:00,2.0,15.0,WEST,38.954884,-77.009071,E2,2015-02-20T21:46:00,FRIENDSHP HTS,6963360.0,2015-02-20T21:06:00,6467.0
232,2015-02-20T21:26:06,1.0,10.0,NORTH,39.037922,-77.052162,Q2,2015-02-20T22:06:00,SHADY GRVE STA,6934862.0,2015-02-20T21:07:00,6411.0
233,2015-02-20T21:26:14,1.0,12.0,SOUTH,39.065983,-76.943657,Z6,2015-02-20T21:52:00,SILVR SPRNG STA,6941396.0,2015-02-20T21:08:00,6407.0
234,2015-02-20T21:25:53,-2.0,15.0,WEST,38.880619,-76.985321,M6,2015-02-20T21:26:00,POTOMAC AVE STA,6950672.0,2015-02-20T21:09:00,6154.0
235,2015-02-20T21:26:14,0.0,12.0,SOUTH,38.834408,-76.995728,A2,2015-02-20T21:35:00,SOUTHERN AVE STA,6957635.0,2015-02-20T21:09:00,8015.0
236,2015-02-20T21:25:54,8.0,10.0,NORTH,38.90535,-77.061897,31,2015-02-20T21:44:00,FRIENDSHIP HGTS,6970631.0,2015-02-20T21:09:00,7151.0
237,2015-02-20T21:25:57,17.0,10.0,NORTH,38.837036,-76.975327,A8,2015-02-20T21:24:00,ANACOSTIA,6957754.0,2015-02-20T21:09:00,6319.0
238,2015-02-20T21:26:11,17.0,15.0,WEST,38.911312,-76.976807,H6,2015-02-20T21:34:00,BROOKLAND CUA STA,6947496.0,2015-02-20T21:09:00,3006.0
239,2015-02-20T21:26:09,4.0,10.0,NORTH,38.894276,-77.021873,74,2015-02-20T21:28:00,CONVENTION CTR,6933862.0,2015-02-20T21:09:00,3015.0
240,2015-02-20T21:25:53,1.0,10.0,NORTH,38.96085,-76.955116,R4,2015-02-20T21:36:00,HIGHVIEW,6964710.0,2015-02-20T21:10:00,2411.0
241,2015-02-20T21:25:55,6.0,15.0,WEST,38.814266,-77.127724,29N,2015-02-20T22:09:00,VIENNA STA (VIA MALL),6948792.0,2015-02-20T21:10:00,2605.0
242,2015-02-20T21:26:13,16.0,10.0,NORTH,38.892696,-77.023972,70,2015-02-20T22:02:00,SILVER SPRING,6933183.0,2015-02-20T21:10:00,5436.0
243,2015-02-20T21:26:18,3.0,14.0,EAST,38.903275,-76.975655,X8,2015-02-20T21:25:00,CARVER TERR,6945772.0,2015-02-20T21:10:00,2397.0
244,2015-02-20T21:26:01,-1.0,14.0,EAST,38.872742,-76.932404,P99,2015-02-20T21:25:00,[516]SOUTHERN SHUTTLE TO SOUTHERN DIV,6953555.0,2015-02-20T21:10:00,6157.0
245,2015-02-20T21:25:58,4.0,14.0,EAST,38.826729,-76.987473,P12,2015-02-20T22:15:00,ADDISON RD STA (NO HOSP),6949021.0,2015-02-20T21:10:00,7038.0
246,2015-02-20T21:26:14,1.0,10.0,NORTH,39.039646,-77.051125,Y2,2015-02-20T22:04:00,MONTG MED CTR,7155770.0,2015-02-20T21:10:00,7231.0
247,2015-02-20T21:26:09,0.0,10.0,NORTH,38.973919,-77.017929,62,2015-02-20T21:28:00,TAKOMA STATION,6959694.0,2015-02-20T21:10:00,2119.0
248,2015-02-20T21:25:46,10.0,15.0,WEST,38.866234,-77.072952,16G,2015-02-20T21:38:00,DINWIDDIE+COLUMBIA,6940830.0,2015-02-20T21:10:00,2674.0
249,2015-02-20T21:26:12,3.0,12.0,SOUTH,38.843025,-76.896721,K12,2015-02-20T21:43:00,BRANCH AVE(NO ANDREWS),6951020.0,2015-02-20T21:10:00,7049.0
250,2015-02-20T21:26:22,1.0,12.0,SOUTH,38.936893,-77.024529,62,2015-02-20T21:26:00,GEORGIA + PETWORTH,6959778.0,2015-02-20T21:10:00,6530.0
251,2015-02-20T21:26:02,-3.0,10.0,NORTH,38.931175,-77.032669,53,2015-02-20T21:37:00,14TH & BUCHANAN,6953793.0,2015-02-20T21:11:00,7228.0
252,2015-02-20T21:26:17,0.0,14.0,EAST,38.92384,-77.057617,96,2015-02-20T22:28:00,CAPITOL HTS STA,6944781.0,2015-02-20T21:12:00,2314.0
253,2015-02-20T21:26:06,2.0,10.0,NORTH,38.831253,-77.005936,A2,2015-02-20T21:37:00,ANACOSTIA,6957668.0,2015-02-20T21:12:00,8055.0
254,2015-02-20T21:25:58,0.0,14.0,EAST,38.956844,-77.03347,E2,2015-02-20T21:57:00,IVY CITY,6963511.0,2015-02-20T21:12:00,7142.0
255,2015-02-20T21:26:20,2.0,10.0,NORTH,38.861877,-76.995026,94,2015-02-20T21:23:00,ANACOSTIA,6939942.0,2015-02-20T21:12:00,6545.0
256,2015-02-20T21:26:15,3.0,15.0,WEST,38.870689,-76.963692,36,2015-02-20T22:03:00,VIRGINIA AVE+E ST,6968711.0,2015-02-20T21:12:00,2383.0
257,2015-02-20T21:26:15,4.0,15.0,WEST,38.968834,-76.972214,C4,2015-02-20T22:17:00,TWINBROOK STA,7156872.0,2015-02-20T21:12:00,7237.0
258,2015-02-20T21:26:19,2.0,17.0,LOOP,38.901417,-76.943306,U5,2015-02-20T22:11:00,MINNESOTA AVE,6938240.0,2015-02-20T21:12:00,6161.0
259,2015-02-20T21:26:20,9.0,12.0,SOUTH,38.994415,-77.028755,70,2015-02-20T22:04:00,ARCHIVES,6933289.0,2015-02-20T21:13:00,6390.0
260,2015-02-20T21:26:08,11.0,15.0,WEST,38.922634,-76.99147,H8,2015-02-20T21:41:00,MT PLEASNT+17TH,6968067.0,2015-02-20T21:14:00,2428.0
261,2015-02-20T21:26:20,-2.0,12.0,SOUTH,38.876652,-77.019875,74,2015-02-20T21:33:00,NATIONALS PARK,6933935.0,2015-02-20T21:14:00,2342.0
262,2015-02-20T21:26:00,2.0,15.0,WEST,38.896832,-76.947525,V7,2015-02-20T21:58:00,BUR OF ENGRVNG,6932723.0,2015-02-20T21:14:00,6126.0
263,2015-02-20T21:26:16,2.0,12.0,SOUTH,38.930405,-77.032768,52,2015-02-20T21:50:00,L ENFANT PLAZA,6953936.0,2015-02-20T21:14:00,6535.0
264,2015-02-20T21:26:10,-2.0,12.0,SOUTH,38.822742,-77.003716,A8,2015-02-20T21:35:00,4501 3RD ST,6957627.0,2015-02-20T21:14:00,8084.0
265,2015-02-20T21:25:59,2.0,12.0,SOUTH,38.916954,-77.032242,90,2015-02-20T21:55:00,ANACOSTIA,7003770.0,2015-02-20T21:14:00,6335.0
266,2015-02-20T21:26:15,0.0,10.0,NORTH,38.841583,-77.049515,MW1,2015-02-20T21:35:00,CRYSTAL CITY,6942153.0,2015-02-20T21:15:00,8007.0
267,2015-02-20T21:26:19,7.0,12.0,SOUTH,38.9561,-77.07048,L2,2015-02-20T21:51:00,FARRAGUT SQ,6946851.0,2015-02-20T21:15:00,7140.0
268,2015-02-20T21:26:09,-2.0,14.0,EAST,38.856297,-77.108734,22A,2015-02-20T21:48:00,PENTAGON,6952453.0,2015-02-20T21:15:00,2644.0
269,2015-02-20T21:26:01,-1.0,15.0,WEST,38.863499,-77.083672,16J,2015-02-20T21:51:00,CULMORE,6940250.0,2015-02-20T21:15:00,2719.0
270,2015-02-20T21:26:17,9.0,14.0,EAST,38.902504,-77.027893,D4,2015-02-20T21:40:00,IVY CITY,6957098.0,2015-02-20T21:15:00,2348.0
271,2015-02-20T21:26:01,-44.0,12.0,SOUTH,38.861824,-76.995651,P6,2015-02-20T22:06:00,ANACOSTIA STA,6956330.0,2015-02-20T21:15:00,8083.0
272,2015-02-20T21:26:05,5.0,14.0,EAST,38.90044,-76.912727,V15,2015-02-20T21:55:00,PENN MAR,6948638.0,2015-02-20T21:15:00,7043.0
273,2015-02-20T21:26:12,-1.0,12.0,SOUTH,38.839413,-77.100433,7A,2015-02-20T21:45:00,LINCOLNIA+QUANTRELL,6961615.0,2015-02-20T21:15:00,2544.0
274,2015-02-20T21:26:21,-3.0,10.0,NORTH,38.877106,-77.015205,P6,2015-02-20T22:08:00,RHODE ISLAND STA,6956393.0,2015-02-20T21:15:00,8085.0
275,2015-02-20T21:26:16,-3.0,12.0,SOUTH,39.096493,-77.157829,Q2,2015-02-20T22:21:00,SILVR SPRNG STA,6934933.0,2015-02-20T21:15:00,7250.0
276,2015-02-20T21:25:55,0.0,12.0,SOUTH,38.940414,-77.021408,64,2015-02-20T21:48:00,FEDERAL TRIANGLE,6949483.0,2015-02-20T21:15:00,6495.0
277,2015-02-20T21:26:20,1.0,10.0,NORTH,38.966911,-77.001457,K6,2015-02-20T21:55:00,WHITE OAK,6966284.0,2015-02-20T21:15:00,7249.0
278,2015-02-20T21:26:23,8.0,15.0,WEST,38.81229,-77.069092,28A,2015-02-20T22:29:00,TYSONS CORNER STA,6951253.0,2015-02-20T21:15:00,2726.0
279,2015-02-20T21:26:14,-5.0,10.0,NORTH,38.861763,-76.995163,SH99,2015-02-20T21:30:00,ANACOSTIA,6952083.0,2015-02-20T21:15:00,3058.0
280,2015-02-20T21:26:10,0.0,16.0,ANTICLKW,38.85569,-76.992172,W8,2015-02-20T21:50:00,ANACOSTIA,6989649.0,2015-02-20T21:15:00,3051.0
281,2015-02-20T21:26:00,-1.0,15.0,WEST,38.896847,-77.107544,3A,2015-02-20T21:42:00,E FALLS CHURCH STA,6961002.0,2015-02-20T21:15:00,6578.0
282,2015-02-20T21:26:10,7.0,15.0,WEST,38.897076,-76.960938,X2,2015-02-20T21:44:00,LAFAYTTE SQ,6939185.0,2015-02-20T21:15:00,5411.0
283,2015-02-20T21:26:14,3.0,10.0,NORTH,38.800488,-77.047897,9A,2015-02-20T21:43:00,PENTAGON,6946460.0,2015-02-20T21:15:00,3031.0
284,2015-02-20T21:26:17,0.0,10.0,NORTH,38.891998,-77.259758,2T,2015-02-20T21:46:00,TYSN CRN STA,6935726.0,2015-02-20T21:15:00,6605.0
285,2015-02-20T21:26:14,2.0,10.0,NORTH,38.916733,-77.036423,S9,2015-02-20T21:54:00,SILVER SPRING STA,6932194.0,2015-02-20T21:15:00,6428.0
286,2015-02-20T21:26:10,-1.0,12.0,SOUTH,38.819988,-77.01667,SH99,2015-02-20T21:30:00,SHEPHERD PKY,6952132.0,2015-02-20T21:15:00,3054.0
287,2015-02-20T21:26:11,0.0,12.0,SOUTH,38.832561,-77.048477,MW1,2015-02-20T21:34:00,BRADDOCK RD,6942027.0,2015-02-20T21:15:00,8014.0
288,2015-02-20T21:25:59,-1.0,15.0,WEST,38.835636,-77.094643,22A,2015-02-20T21:50:00,BALLSTON STA,6952474.0,2015-02-20T21:15:00,2535.0
289,2015-02-20T21:25:56,1.0,14.0,EAST,38.909763,-77.085609,D6,2015-02-20T22:20:00,STADIUM ARMRY,6956756.0,2015-02-20T21:15:00,2450.0
290,2015-02-20T21:25:50,0.0,14.0,EAST,38.950775,-77.3507,5A,2015-02-20T22:03:00,LENFANT PLAZA,6935963.0,2015-02-20T21:15:00,8037.0
291,2015-02-20T21:26:15,-1.0,12.0,SOUTH,38.954628,-77.033485,54,2015-02-20T22:04:00,L ENFANT PLAZA,6953937.0,2015-02-20T21:15:00,5307.0
292,2015-02-20T21:26:18,1.0,14.0,EAST,38.878601,-77.188042,2A,2015-02-20T21:45:00,BALLSTON STA,6935444.0,2015-02-20T21:15:00,6591.0
293,2015-02-20T21:26:08,2.0,15.0,WEST,38.910625,-77.046318,N6,2015-02-20T21:55:00,FRIENDSHIP HTS,6962905.0,2015-02-20T21:16:00,7146.0
294,2015-02-20T21:26:10,0.0,12.0,SOUTH,38.889923,-76.927994,W4,2015-02-20T22:13:00,ANACOSTIA STA,6969653.0,2015-02-20T21:17:00,6156.0
295,2015-02-20T21:26:17,0.0,12.0,SOUTH,38.848095,-76.980682,94,2015-02-20T21:29:00,19TH+SAVANNAH ST,6939887.0,2015-02-20T21:17:00,6302.0
296,2015-02-20T21:26:17,2.0,10.0,NORTH,39.015862,-77.016327,Z6,2015-02-20T22:04:00,BURTONSVILLE,6941346.0,2015-02-20T21:17:00,6402.0
297,2015-02-20T21:26:21,0.0,12.0,SOUTH,38.922985,-77.000504,D8,2015-02-20T21:52:00,UNION,6950181.0,2015-02-20T21:17:00,2401.0
298,2015-02-20T21:26:21,0.0,15.0,WEST,38.909649,-77.021759,G2,2015-02-20T21:49:00,GEORGETOWN UNIV,6967272.0,2015-02-20T21:18:00,6489.0
299,2015-02-20T21:26:04,2.0,10.0,NORTH,38.901493,-77.031647,42,2015-02-20T21:52:00,MT PLEASANT,6965319.0,2015-02-20T21:18:00,7103.0
300,2015-02-20T21:25:52,1.0,12.0,SOUTH,39.014416,-76.92765,83,2015-02-20T22:05:00,RHODE ISLAND AVE STA,6962572.0,2015-02-20T21:18:00,2351.0
301,2015-02-20T21:26:12,2.0,12.0,SOUTH,38.91988,-77.044281,42,2015-02-20T21:45:00,9TH + G ST,6965197.0,2015-02-20T21:18:00,6471.0
302,2015-02-20T21:26:02,-2.0,10.0,NORTH,38.96521,-77.062454,M4,2015-02-20T21:33:00,PINEHRST CIR,6966085.0,2015-02-20T21:18:00,3081.0
303,2015-02-20T21:26:15,0.0,15.0,WEST,38.842434,-76.988441,W2,2015-02-20T22:19:00,ANACSTIA VIA WA OVRLK,7167995.0,2015-02-20T21:18:00,3053.0
304,2015-02-20T21:26:19,-1.0,15.0,WEST,38.902508,-77.002235,D4,2015-02-20T21:39:00,FRANKLIN SQUARE,6957049.0,2015-02-20T21:18:00,2309.0
305,2015-02-20T21:26:20,0.0,14.0,EAST,39.013947,-77.118088,J2,2015-02-20T22:01:00,SILVR SPRNG STA,6944332.0,2015-02-20T21:18:00,7240.0
306,2015-02-20T21:26:06,1.0,14.0,EAST,38.866138,-77.134476,4B,2015-02-20T21:47:00,ROSSLYN,6969393.0,2015-02-20T21:18:00,2602.0
307,2015-02-20T21:25:53,3.0,14.0,EAST,38.920696,-77.076035,D2,2015-02-20T21:37:00,CONNETICUT +Q ST,6951664.0,2015-02-20T21:19:00,3075.0
308,2015-02-20T21:26:13,7.0,12.0,SOUTH,39.044193,-76.989754,K6,2015-02-20T21:50:00,FORT TOTTEN STA,6966355.0,2015-02-20T21:19:00,6035.0
309,2015-02-20T21:26:10,1.0,15.0,WEST,38.99509,-77.045891,J2,2015-02-20T21:57:00,MONTGMRY MALL /CEDR,6944237.0,2015-02-20T21:19:00,7272.0
310,2015-02-20T21:26:14,1.0,15.0,WEST,38.986092,-76.946976,C8,2015-02-20T22:15:00,WHITE FLINT (NO FDA),6929947.0,2015-02-20T21:19:00,6397.0
311,2015-02-20T21:26:18,4.0,10.0,NORTH,38.895916,-77.026962,S4,2015-02-20T22:01:00,SILVER SPRNG,6930846.0,2015-02-20T21:19:00,6532.0
312,2015-02-20T21:26:21,-2.0,10.0,NORTH,38.901436,-77.040337,33,2015-02-20T22:04:00,FRIENDSHIP HGTS,6970632.0,2015-02-20T21:20:00,7152.0
313,2015-02-20T21:26:15,-1.0,14.0,EAST,38.920441,-76.962723,B99,2015-02-20T21:25:00,AMES PL LOT,6952731.0,2015-02-20T21:20:00,2410.0
314,2015-02-20T21:26:06,2.0,10.0,NORTH,39.031307,-76.898758,B30,2015-02-20T21:58:00,BWI LT RAIL STA,6960606.0,2015-02-20T21:20:00,6216.0
315,2015-02-20T21:26:03,6.0,14.0,EAST,38.92004,-77.22274,28A,2015-02-20T22:32:00,KING ST STA,6951307.0,2015-02-20T21:20:00,2578.0
316,2015-02-20T21:25:53,2.0,15.0,WEST,38.87397,-77.234512,2B,2015-02-20T22:04:00,WEST OX RD DIV,6935845.0,2015-02-20T21:20:00,7181.0
317,2015-02-20T21:26:23,0.0,12.0,SOUTH,38.953495,-77.082306,31,2015-02-20T21:56:00,POTOMAC PARK,6970715.0,2015-02-20T21:20:00,7120.0
318,2015-02-20T21:26:21,2.0,15.0,WEST,38.855003,-76.879257,V15,2015-02-20T22:02:00,DEANWOOD STA,6948640.0,2015-02-20T21:20:00,7014.0
319,2015-02-20T21:25:53,2.0,14.0,EAST,38.937382,-77.072975,H4,2015-02-20T21:56:00,STA -BROOKLAND CUA STA,6947954.0,2015-02-20T21:20:00,2416.0
320,2015-02-20T21:26:00,1.0,14.0,EAST,38.887459,-77.013504,34,2015-02-20T21:49:00,NAYLOR RD STA,6968782.0,2015-02-20T21:20:00,2445.0
321,2015-02-20T21:26:14,0.0,14.0,EAST,38.862061,-77.363274,2B,2015-02-20T22:11:00,DUNN LORING STATION,6935867.0,2015-02-20T21:20:00,6593.0
322,2015-02-20T21:26:01,3.0,12.0,SOUTH,38.947067,-76.990288,80,2015-02-20T22:18:00,KENNEDY CENTER,6966754.0,2015-02-20T21:20:00,2341.0
323,2015-02-20T21:26:05,3.0,10.0,NORTH,38.864357,-76.986839,B2,2015-02-20T22:03:00,MOUNT RAINIER,6942967.0,2015-02-20T21:20:00,2160.0
324,2015-02-20T21:26:02,2.0,10.0,NORTH,38.925365,-76.928062,R12,2015-02-20T22:02:00,GREENBELT STA,6948521.0,2015-02-20T21:20:00,7046.0
325,2015-02-20T21:26:17,2.0,14.0,EAST,38.832054,-77.20649,16A,2015-02-20T21:55:00,PENTAGON,6940337.0,2015-02-20T21:21:00,2685.0
326,2015-02-20T21:25:51,4.0,10.0,NORTH,38.823078,-77.001923,A6,2015-02-20T21:45:00,ANACOSTIA,6957761.0,2015-02-20T21:21:00,8060.0
327,2015-02-20T21:26:14,3.0,10.0,NORTH,38.961899,-77.095917,T2,2015-02-20T21:57:00,ROCKVILLE STA,6929661.0,2015-02-20T21:21:00,4216.0
328,2015-02-20T21:25:56,2.0,14.0,EAST,38.860325,-77.09568,16G,2015-02-20T21:33:00,PENTAGON CITY,6940934.0,2015-02-20T21:21:00,2655.0
329,2015-02-20T21:26:11,-1.0,15.0,WEST,38.900734,-76.791069,C22,2015-02-20T22:04:00,ADDISON RD STA,6943448.0,2015-02-20T21:21:00,7017.0
330,2015-02-20T21:26:09,1.0,12.0,SOUTH,38.927124,-76.962982,B2,2015-02-20T22:10:00,ANACOSTIA STA,6943069.0,2015-02-20T21:21:00,2368.0
331,2015-02-20T21:26:06,-3.0,15.0,WEST,38.964352,-76.892883,F6,2015-02-20T22:18:00,FT TOTTEN STA,6970549.0,2015-02-20T21:21:00,7007.0
332,2015-02-20T21:26:03,1.0,12.0,SOUTH,38.893005,-76.95079,U2,2015-02-20T21:44:00,ANACOSTIA,6937980.0,2015-02-20T21:22:00,6149.0
333,2015-02-20T21:26:22,4.0,14.0,EAST,38.855942,-77.139954,16B,2015-02-20T21:43:00,PENTAGON,6940336.0,2015-02-20T21:22:00,2642.0
334,2015-02-20T21:26:02,4.0,14.0,EAST,38.887074,-76.895844,C22,2015-02-20T22:05:00,POINTER RIDGE,6943501.0,2015-02-20T21:22:00,7027.0
335,2015-02-20T21:25:55,4.0,14.0,EAST,39.037868,-77.052055,C2,2015-02-20T22:15:00,GRNBELT STA UMD ALT,7156986.0,2015-02-20T21:22:00,4239.0
336,2015-02-20T21:25:56,1.0,10.0,NORTH,38.885113,-77.021843,54,2015-02-20T22:05:00,14TH+COLORADO,6953762.0,2015-02-20T21:23:00,6492.0
337,2015-02-20T21:25:52,2.0,10.0,NORTH,38.821434,-77.136024,7A,2015-02-20T21:48:00,PENTAGON,6961649.0,2015-02-20T21:23:00,2630.0
338,2015-02-20T21:26:14,1.0,14.0,EAST,38.892227,-76.838219,C26,2015-02-20T21:45:00,WATKNS+CHESTERTON,6943502.0,2015-02-20T21:23:00,6006.0
339,2015-02-20T21:26:05,1.0,10.0,NORTH,38.863342,-76.991096,U2,2015-02-20T21:47:00,MINNESOTA STA,6938025.0,2015-02-20T21:23:00,6159.0
340,2015-02-20T21:25:54,1.0,12.0,SOUTH,39.09203,-77.070694,L8,2015-02-20T21:55:00,FRIENDSHIP HTS STA,6947221.0,2015-02-20T21:23:00,7241.0
341,2015-02-20T21:25:56,2.0,15.0,WEST,38.909565,-77.046379,D2,2015-02-20T21:40:00,GLOVER PARK,6951734.0,2015-02-20T21:23:00,3085.0
342,2015-02-20T21:26:10,2.0,12.0,SOUTH,38.850891,-76.955162,H12,2015-02-20T21:51:00,HEATHER HILL,6962353.0,2015-02-20T21:24:00,7022.0
343,2015-02-20T21:26:03,1.0,12.0,SOUTH,39.153957,-77.056885,Y2,2015-02-20T22:15:00,SILVER SPRING STA,7155862.0,2015-02-20T21:24:00,5439.0
344,2015-02-20T21:26:13,-1.0,12.0,SOUTH,39.090893,-76.940277,Z8,2015-02-20T22:07:00,SILVER SPRING STA,6941560.0,2015-02-20T21:24:00,6380.0
345,2015-02-20T21:26:18,2.0,15.0,WEST,38.849991,-76.956604,34,2015-02-20T21:54:00,10TH + PENNSYLVNIA,6968678.0,2015-02-20T21:24:00,2307.0
346,2015-02-20T21:26:13,2.0,12.0,SOUTH,38.862503,-76.995239,A6,2015-02-20T21:47:00,4501 3RD ST,6957646.0,2015-02-20T21:24:00,8016.0
347,2015-02-20T21:26:19,2.0,10.0,NORTH,38.809193,-76.957329,H12,2015-02-20T21:51:00,NAYLOR RD (MACYS),6962310.0,2015-02-20T21:24:00,6200.0
348,2015-02-20T21:26:01,2.0,14.0,EAST,38.861633,-76.993942,W2,2015-02-20T22:10:00,SOUTHERN AVE STA,7166697.0,2015-02-20T21:24:00,3056.0
349,2015-02-20T21:25:54,1.0,14.0,EAST,38.900833,-77.029617,X2,2015-02-20T22:03:00,MINNESOTA STA,6939048.0,2015-02-20T21:25:00,5419.0
350,2015-02-20T21:25:56,1.0,15.0,WEST,38.895382,-77.071564,4B,2015-02-20T21:50:00,SEVEN CORNERS,6969333.0,2015-02-20T21:25:00,2729.0
351,2015-02-20T21:26:16,0.0,10.0,NORTH,38.899422,-77.052963,80,2015-02-20T22:25:00,FORT TOTTEN STA,6966684.0,2015-02-20T21:25:00,2806.0
352,2015-02-20T21:26:05,1.0,14.0,EAST,38.783035,-77.013603,NH1,2015-02-20T21:43:00,BRANCH AVE,6961360.0,2015-02-20T21:25:00,8103.0
353,2015-02-20T21:26:05,1.0,15.0,WEST,38.826935,-76.913055,NH1,2015-02-20T21:46:00,NATIONAL HARBOR,6961325.0,2015-02-20T21:25:00,6416.0
354,2015-02-20T21:26:12,0.0,14.0,EAST,38.905926,-77.069443,G2,2015-02-20T22:00:00,HOWARD UNIV,6967319.0,2015-02-20T21:25:00,6515.0
355,2015-02-20T21:26:15,1.0,14.0,EAST,38.961632,-77.085007,N6,2015-02-20T22:02:00,FARRAGUT SQ,6962971.0,2015-02-20T21:25:00,7107.0
356,2015-02-20T21:26:03,0.0,15.0,WEST,39.013008,-76.907936,C2,2015-02-20T22:27:00,RANDOLPH + PARKLAWN,7156946.0,2015-02-20T21:26:00,6027.0
357,2015-02-20T21:26:11,-1.0,14.0,EAST,39.06229,-77.120094,C4,2015-02-20T22:23:00,PG PLAZA STA,7157052.0,2015-02-20T21:27:00,7235.0
358,2015-02-20T21:26:13,-1.0,12.0,SOUTH,38.994511,-77.027596,S2,2015-02-20T22:12:00,FEDTRIANGLE,6931148.0,2015-02-20T21:27:00,6533.0
359,2015-02-20T21:26:08,-1.0,15.0,WEST,38.88599,-76.895744,P12,2015-02-20T22:24:00,EASTOVER (NO HOSP),6949058.0,2015-02-20T21:27:00,2212.0
360,2015-02-20T21:26:03,-2.0,14.0,EAST,38.947731,-76.871742,B31,2015-02-20T21:53:00,GATEWAY CTR,6960418.0,2015-02-20T21:28:00,6208.0
361,2015-02-20T21:26:02,29.0,10.0,NORTH,38.892754,-77.026016,S2,2015-02-20T22:14:00,SILVER SPRNG,6930940.0,2015-02-20T21:29:00,6517.0
